year,value,State,value2,,,,,,,,,,,,,,,,,,,,,,,,,,,,,,,,,,,,,,
1,2192.657486,UP,3986.649974,,,,,,,,,,,,,,,,,,,,,,,,,,,,,,,,,,,,,,0
2,4594.614066,UP,4114.57976,,,,,,,,,,,,,,,,,,,,,,,,,,,,,,,,,,,,,,
3,4739.610529,UP,4244.427339,,,,,,,,,,,,,,,,,,,,,,,,,,,,,,,,,,,,,,
4,4886.748528,UP,4376.192712,,,,,,,,,,,,,,,,,,,,,,,,,,,,,,,,,,,,,,
5,5029.185884,UP,4503.748553,,,,,,,,,,,,,,,,,,,,,,,,,,,,,,,,,,,,,,
6,5173.604225,UP,4633.07841,,,,,,,,,,,,,,,,,,,,,,,,,,,,,,,,,,,,,,
7,5320.003549,UP,4764.182282,,,,,,,,,,,,,,,,,,,,,,,,,,,,,,,,,,,,,,
8,5468.383857,UP,4897.06017,,,,,,,,,,,,,,,,,,,,,,,,,,,,,,,,,,,,,,
9,5618.745149,UP,5031.712073,,,,,,,,,,,,,,,,,,,,,,,,,,,,,,,,,,,,,,
10,5771.087424,UP,5168.137992,,,,,,,,,,,,,,,,,,,,,,,,,,,,,,,,,,,,,,
11,5925.410684,UP,5306.337926,,,,,,,,,,,,,,,,,,,,,,,,,,,,,,,,,,,,,,
12,6081.714927,UP,5446.311875,,,,,,,,,,,,,,,,,,,,,,,,,,,,,,,,,,,,,,
13,6240.000155,UP,5588.05984,,,,,,,,,,,,,,,,,,,,,,,,,,,,,,,,,,,,,,
14,6400.266366,UP,5731.58182,,,,,,,,,,,,,,,,,,,,,,,,,,,,,,,,,,,,,,
1,1798.183627,Maharashtra,3269.424777,,,,,,,,,,,,,,,,,,,,,,,,,,,,,,,,,,,,,,
2,3717.743204,Maharashtra,3329.322273,,,,,,,,,,,,,,,,,,,,,,,,,,,,,,,,,,,,,,
3,3785.179851,Maharashtra,3389.7133,,,,,,,,,,,,,,,,,,,,,,,,,,,,,,,,,,,,,,
4,3853.167609,Maharashtra,3450.597859,,,,,,,,,,,,,,,,,,,,,,,,,,,,,,,,,,,,,,
5,3918.156143,Maharashtra,3508.796546,,,,,,,,,,,,,,,,,,,,,,,,,,,,,,,,,,,,,,
6,3983.651884,Maharashtra,3567.449448,,,,,,,,,,,,,,,,,,,,,,,,,,,,,,,,,,,,,,
7,4049.654831,Maharashtra,3626.556565,,,,,,,,,,,,,,,,,,,,,,,,,,,,,,,,,,,,,,
8,4116.164985,Maharashtra,3686.117897,,,,,,,,,,,,,,,,,,,,,,,,,,,,,,,,,,,,,,
9,4183.182346,Maharashtra,3746.133444,,,,,,,,,,,,,,,,,,,,,,,,,,,,,,,,,,,,,,
10,4250.706913,Maharashtra,3806.603206,,,,,,,,,,,,,,,,,,,,,,,,,,,,,,,,,,,,,,
11,4318.738687,Maharashtra,3867.527182,,,,,,,,,,,,,,,,,,,,,,,,,,,,,,,,,,,,,,
12,4387.277668,Maharashtra,3928.905374,,,,,,,,,,,,,,,,,,,,,,,,,,,,,,,,,,,,,,
13,4456.323855,Maharashtra,3990.73778,,,,,,,,,,,,,,,,,,,,,,,,,,,,,,,,,,,,,,
14,4525.877249,Maharashtra,4053.024402,,,,,,,,,,,,,,,,,,,,,,,,,,,,,,,,,,,,,,
1,1010.250893,West Bengal,1836.819806,,,,,,,,,,,,,,,,,,,,,,,,,,,,,,,,,,,,,,
2,2088.064789,West Bengal,1869.908766,,,,,,,,,,,,,,,,,,,,,,,,,,,,,,,,,,,,,,
3,2125.343896,West Bengal,1903.293041,,,,,,,,,,,,,,,,,,,,,,,,,,,,,,,,,,,,,,
4,2162.952772,West Bengal,1936.972631,,,,,,,,,,,,,,,,,,,,,,,,,,,,,,,,,,,,,,
5,2199.229628,West Bengal,1969.459368,,,,,,,,,,,,,,,,,,,,,,,,,,,,,,,,,,,,,,
6,2235.807903,West Bengal,2002.216032,,,,,,,,,,,,,,,,,,,,,,,,,,,,,,,,,,,,,,
7,2272.687596,West Bengal,2035.242623,,,,,,,,,,,,,,,,,,,,,,,,,,,,,,,,,,,,,,
8,2309.868707,West Bengal,2068.539141,,,,,,,,,,,,,,,,,,,,,,,,,,,,,,,,,,,,,,
9,2347.351237,West Bengal,2102.105585,,,,,,,,,,,,,,,,,,,,,,,,,,,,,,,,,,,,,,
10,2385.135185,West Bengal,2135.941957,,,,,,,,,,,,,,,,,,,,,,,,,,,,,,,,,,,,,,
11,2423.220552,West Bengal,2170.048256,,,,,,,,,,,,,,,,,,,,,,,,,,,,,,,,,,,,,,
12,2461.607337,West Bengal,2204.424481,,,,,,,,,,,,,,,,,,,,,,,,,,,,,,,,,,,,,,
13,2500.295541,West Bengal,2239.070634,,,,,,,,,,,,,,,,,,,,,,,,,,,,,,,,,,,,,,
14,2539.285163,West Bengal,2273.986713,,,,,,,,,,,,,,,,,,,,,,,,,,,,,,,,,,,,,,
1,690.1333946,Andhra Pradesh ,1254.78799,,,,,,,,,,,,,,,,,,,,,,,,,,,,,,,,,,,,,,
2,1425.869176,Andhra Pradesh ,1276.89777,,,,,,,,,,,,,,,,,,,,,,,,,,,,,,,,,,,,,,
3,1450.773781,Andhra Pradesh ,1299.200401,,,,,,,,,,,,,,,,,,,,,,,,,,,,,,,,,,,,,,
4,1475.893738,Andhra Pradesh ,1321.695884,,,,,,,,,,,,,,,,,,,,,,,,,,,,,,,,,,,,,,
5,1498.041155,Andhra Pradesh ,1341.529392,,,,,,,,,,,,,,,,,,,,,,,,,,,,,,,,,,,,,,
6,1520.351749,Andhra Pradesh ,1361.509029,,,,,,,,,,,,,,,,,,,,,,,,,,,,,,,,,,,,,,
7,1542.825519,Andhra Pradesh ,1381.634793,,,,,,,,,,,,,,,,,,,,,,,,,,,,,,,,,,,,,,
8,1565.462465,Andhra Pradesh ,1401.906685,,,,,,,,,,,,,,,,,,,,,,,,,,,,,,,,,,,,,,
9,1588.262588,Andhra Pradesh ,1422.324706,,,,,,,,,,,,,,,,,,,,,,,,,,,,,,,,,,,,,,
10,1611.225887,Andhra Pradesh ,1442.888854,,,,,,,,,,,,,,,,,,,,,,,,,,,,,,,,,,,,,,
11,1634.352362,Andhra Pradesh ,1463.599131,,,,,,,,,,,,,,,,,,,,,,,,,,,,,,,,,,,,,,
12,1657.642014,Andhra Pradesh ,1484.455535,,,,,,,,,,,,,,,,,,,,,,,,,,,,,,,,,,,,,,
13,1681.094843,Andhra Pradesh ,1505.458068,,,,,,,,,,,,,,,,,,,,,,,,,,,,,,,,,,,,,,
14,1704.710847,Andhra Pradesh ,1526.606729,,,,,,,,,,,,,,,,,,,,,,,,,,,,,,,,,,,,,,
1,565.9650189,Telengana,1029.027307,,,,,,,,,,,,,,,,,,,,,,,,,,,,,,,,,,,,,,
2,1168.06469,Telengana,1046.028081,,,,,,,,,,,,,,,,,,,,,,,,,,,,,,,,,,,,,,
3,1187.202756,Telengana,1063.166647,,,,,,,,,,,,,,,,,,,,,,,,,,,,,,,,,,,,,,
4,1206.494689,Telengana,1080.443005,,,,,,,,,,,,,,,,,,,,,,,,,,,,,,,,,,,,,,
5,1223.337181,Telengana,1095.525834,,,,,,,,,,,,,,,,,,,,,,,,,,,,,,,,,,,,,,
6,1240.296262,Telengana,1110.71307,,,,,,,,,,,,,,,,,,,,,,,,,,,,,,,,,,,,,,
7,1257.371932,Telengana,1126.004715,,,,,,,,,,,,,,,,,,,,,,,,,,,,,,,,,,,,,,
8,1274.564191,Telengana,1141.400768,,,,,,,,,,,,,,,,,,,,,,,,,,,,,,,,,,,,,,
9,1291.87304,Telengana,1156.90123,,,,,,,,,,,,,,,,,,,,,,,,,,,,,,,,,,,,,,
10,1309.298477,Telengana,1172.506099,,,,,,,,,,,,,,,,,,,,,,,,,,,,,,,,,,,,,,
11,1326.840504,Telengana,1188.215377,,,,,,,,,,,,,,,,,,,,,,,,,,,,,,,,,,,,,,
12,1344.49912,Telengana,1204.029063,,,,,,,,,,,,,,,,,,,,,,,,,,,,,,,,,,,,,,
13,1362.274325,Telengana,1219.947157,,,,,,,,,,,,,,,,,,,,,,,,,,,,,,,,,,,,,,
14,1380.166119,Telengana,1235.969659,,,,,,,,,,,,,,,,,,,,,,,,,,,,,,,,,,,,,,
1,1374.866541,Tamil Nadu,2499.757348,,,,,,,,,,,,,,,,,,,,,,,,,,,,,,,,,,,,,,
2,2822.066914,Tamil Nadu,2527.224102,,,,,,,,,,,,,,,,,,,,,,,,,,,,,,,,,,,,,,
3,2852.904524,Tamil Nadu,2554.839872,,,,,,,,,,,,,,,,,,,,,,,,,,,,,,,,,,,,,,
4,2883.908535,Tamil Nadu,2582.604658,,,,,,,,,,,,,,,,,,,,,,,,,,,,,,,,,,,,,,
5,2912.631035,Tamil Nadu,2608.3263,,,,,,,,,,,,,,,,,,,,,,,,,,,,,,,,,,,,,,
6,2941.491528,Tamil Nadu,2634.171517,,,,,,,,,,,,,,,,,,,,,,,,,,,,,,,,,,,,,,
7,2970.490013,Tamil Nadu,2660.14031,,,,,,,,,,,,,,,,,,,,,,,,,,,,,,,,,,,,,,
8,2999.62649,Tamil Nadu,2686.232678,,,,,,,,,,,,,,,,,,,,,,,,,,,,,,,,,,,,,,
9,3028.90096,Tamil Nadu,2712.448621,,,,,,,,,,,,,,,,,,,,,,,,,,,,,,,,,,,,,,
10,3058.313422,Tamil Nadu,2738.788139,,,,,,,,,,,,,,,,,,,,,,,,,,,,,,,,,,,,,,
11,3087.863877,Tamil Nadu,2765.251233,,,,,,,,,,,,,,,,,,,,,,,,,,,,,,,,,,,,,,
12,3117.552324,Tamil Nadu,2791.837902,,,,,,,,,,,,,,,,,,,,,,,,,,,,,,,,,,,,,,
13,3147.378764,Tamil Nadu,2818.548146,,,,,,,,,,,,,,,,,,,,,,,,,,,,,,,,,,,,,,
14,3177.343196,Tamil Nadu,2845.381966,,,,,,,,,,,,,,,,,,,,,,,,,,,,,,,,,,,,,,
1,701.990107,Rajasthan ,1276.345649,,,,,,,,,,,,,,,,,,,,,,,,,,,,,,,,,,,,,,
2,1468.242794,Rajasthan ,1314.844293,,,,,,,,,,,,,,,,,,,,,,,,,,,,,,,,,,,,,,
3,1511.830006,Rajasthan ,1353.877618,,,,,,,,,,,,,,,,,,,,,,,,,,,,,,,,,,,,,,
4,1556.014279,Rajasthan ,1393.445623,,,,,,,,,,,,,,,,,,,,,,,,,,,,,,,,,,,,,,
5,1599.851828,Rajasthan ,1432.70313,,,,,,,,,,,,,,,,,,,,,,,,,,,,,,,,,,,,,,
6,1644.266336,Rajasthan ,1472.477315,,,,,,,,,,,,,,,,,,,,,,,,,,,,,,,,,,,,,,
7,1689.257801,Rajasthan ,1512.76818,,,,,,,,,,,,,,,,,,,,,,,,,,,,,,,,,,,,,,
8,1734.826226,Rajasthan ,1553.575725,,,,,,,,,,,,,,,,,,,,,,,,,,,,,,,,,,,,,,
9,1780.971609,Rajasthan ,1594.899948,,,,,,,,,,,,,,,,,,,,,,,,,,,,,,,,,,,,,,
10,1827.69395,Rajasthan ,1636.740851,,,,,,,,,,,,,,,,,,,,,,,,,,,,,,,,,,,,,,
11,1874.99325,Rajasthan ,1679.098433,,,,,,,,,,,,,,,,,,,,,,,,,,,,,,,,,,,,,,
12,1922.869509,Rajasthan ,1721.972695,,,,,,,,,,,,,,,,,,,,,,,,,,,,,,,,,,,,,,
13,1971.322726,Rajasthan ,1765.363635,,,,,,,,,,,,,,,,,,,,,,,,,,,,,,,,,,,,,,
14,2020.352902,Rajasthan ,1809.271255,,,,,,,,,,,,,,,,,,,,,,,,,,,,,,,,,,,,,,
1,956.1727015,Gujarat,1738.495821,,,,,,,,,,,,,,,,,,,,,,,,,,,,,,,,,,,,,,
2,1973.487834,Gujarat,1767.302538,,,,,,,,,,,,,,,,,,,,,,,,,,,,,,,,,,,,,,
3,2005.910516,Gujarat,1796.337775,,,,,,,,,,,,,,,,,,,,,,,,,,,,,,,,,,,,,,
4,2038.588377,Gujarat,1825.601532,,,,,,,,,,,,,,,,,,,,,,,,,,,,,,,,,,,,,,
5,2072.408318,Gujarat,1855.888046,,,,,,,,,,,,,,,,,,,,,,,,,,,,,,,,,,,,,,
6,2106.495033,Gujarat,1886.413463,,,,,,,,,,,,,,,,,,,,,,,,,,,,,,,,,,,,,,
7,2140.848522,Gujarat,1917.177781,,,,,,,,,,,,,,,,,,,,,,,,,,,,,,,,,,,,,,
8,2175.468784,Gujarat,1948.181001,,,,,,,,,,,,,,,,,,,,,,,,,,,,,,,,,,,,,,
9,2210.35582,Gujarat,1979.423122,,,,,,,,,,,,,,,,,,,,,,,,,,,,,,,,,,,,,,
10,2245.509629,Gujarat,2010.904145,,,,,,,,,,,,,,,,,,,,,,,,,,,,,,,,,,,,,,
11,2280.930211,Gujarat,2042.62407,,,,,,,,,,,,,,,,,,,,,,,,,,,,,,,,,,,,,,
12,2316.617568,Gujarat,2074.582896,,,,,,,,,,,,,,,,,,,,,,,,,,,,,,,,,,,,,,
13,2352.571697,Gujarat,2106.780625,,,,,,,,,,,,,,,,,,,,,,,,,,,,,,,,,,,,,,
14,2388.792601,Gujarat,2139.217254,,,,,,,,,,,,,,,,,,,,,,,,,,,,,,,,,,,,,,
1,623.9646972,Kerala,1134.481268,,,,,,,,,,,,,,,,,,,,,,,,,,,,,,,,,,,,,,
2,1286.955524,Kerala,1152.497484,,,,,,,,,,,,,,,,,,,,,,,,,,,,,,,,,,,,,,
3,1307.223173,Kerala,1170.647617,,,,,,,,,,,,,,,,,,,,,,,,,,,,,,,,,,,,,,
4,1327.64036,Kerala,1188.931666,,,,,,,,,,,,,,,,,,,,,,,,,,,,,,,,,,,,,,
5,1340.06845,Kerala,1200.061299,,,,,,,,,,,,,,,,,,,,,,,,,,,,,,,,,,,,,,
6,1352.550331,Kerala,1211.239103,,,,,,,,,,,,,,,,,,,,,,,,,,,,,,,,,,,,,,
7,1365.086003,Kerala,1222.465077,,,,,,,,,,,,,,,,,,,,,,,,,,,,,,,,,,,,,,
8,1377.675466,Kerala,1233.739223,,,,,,,,,,,,,,,,,,,,,,,,,,,,,,,,,,,,,,
9,1390.318719,Kerala,1245.06154,,,,,,,,,,,,,,,,,,,,,,,,,,,,,,,,,,,,,,
10,1403.015764,Kerala,1256.432027,,,,,,,,,,,,,,,,,,,,,,,,,,,,,,,,,,,,,,
11,1415.766599,Kerala,1267.850686,,,,,,,,,,,,,,,,,,,,,,,,,,,,,,,,,,,,,,
12,1428.571226,Kerala,1279.317516,,,,,,,,,,,,,,,,,,,,,,,,,,,,,,,,,,,,,,
13,1441.429643,Kerala,1290.832516,,,,,,,,,,,,,,,,,,,,,,,,,,,,,,,,,,,,,,
14,1454.341851,Kerala,1302.395688,,,,,,,,,,,,,,,,,,,,,,,,,,,,,,,,,,,,,,
1,395.8797087,Punjab,719.7812885,,,,,,,,,,,,,,,,,,,,,,,,,,,,,,,,,,,,,,
2,818.171893,Punjab,732.6912475,,,,,,,,,,,,,,,,,,,,,,,,,,,,,,,,,,,,,,
3,832.7132494,Punjab,745.7133577,,,,,,,,,,,,,,,,,,,,,,,,,,,,,,,,,,,,,,
4,847.3798413,Punjab,758.847619,,,,,,,,,,,,,,,,,,,,,,,,,,,,,,,,,,,,,,
5,860.4744823,Punjab,770.5741632,,,,,,,,,,,,,,,,,,,,,,,,,,,,,,,,,,,,,,
6,873.6693879,Punjab,782.3904966,,,,,,,,,,,,,,,,,,,,,,,,,,,,,,,,,,,,,,
7,886.9645582,Punjab,794.2966192,,,,,,,,,,,,,,,,,,,,,,,,,,,,,,,,,,,,,,
8,900.359993,Punjab,806.2925311,,,,,,,,,,,,,,,,,,,,,,,,,,,,,,,,,,,,,,
9,913.8556925,Punjab,818.3782321,,,,,,,,,,,,,,,,,,,,,,,,,,,,,,,,,,,,,,
10,927.4516566,Punjab,830.5537224,,,,,,,,,,,,,,,,,,,,,,,,,,,,,,,,,,,,,,
11,941.1478854,Punjab,842.8190018,,,,,,,,,,,,,,,,,,,,,,,,,,,,,,,,,,,,,,
12,954.9443787,Punjab,855.1740705,,,,,,,,,,,,,,,,,,,,,,,,,,,,,,,,,,,,,,
13,968.8411367,Punjab,867.6189284,,,,,,,,,,,,,,,,,,,,,,,,,,,,,,,,,,,,,,
14,982.8381593,Punjab,880.1535755,,,,,,,,,,,,,,,,,,,,,,,,,,,,,,,,,,,,,,
1,342.9091405,Haryana ,623.4711645,,,,,,,,,,,,,,,,,,,,,,,,,,,,,,,,,,,,,,
2,714.4536874,Haryana ,639.8092723,,,,,,,,,,,,,,,,,,,,,,,,,,,,,,,,,,,,,,
3,732.9006367,Haryana ,656.3289284,,,,,,,,,,,,,,,,,,,,,,,,,,,,,,,,,,,,,,
4,751.550315,Haryana ,673.0301329,,,,,,,,,,,,,,,,,,,,,,,,,,,,,,,,,,,,,,
5,768.2395751,Haryana ,687.9757389,,,,,,,,,,,,,,,,,,,,,,,,,,,,,,,,,,,,,,
6,785.0975701,Haryana ,703.0724509,,,,,,,,,,,,,,,,,,,,,,,,,,,,,,,,,,,,,,
7,802.1243002,Haryana ,718.3202689,,,,,,,,,,,,,,,,,,,,,,,,,,,,,,,,,,,,,,
8,819.3197653,Haryana ,733.7191928,,,,,,,,,,,,,,,,,,,,,,,,,,,,,,,,,,,,,,
9,836.6839655,Haryana ,749.2692228,,,,,,,,,,,,,,,,,,,,,,,,,,,,,,,,,,,,,,
10,854.2169006,Haryana ,764.9703588,,,,,,,,,,,,,,,,,,,,,,,,,,,,,,,,,,,,,,
11,871.9185708,Haryana ,780.8226007,,,,,,,,,,,,,,,,,,,,,,,,,,,,,,,,,,,,,,
12,889.788976,Haryana ,796.8259487,,,,,,,,,,,,,,,,,,,,,,,,,,,,,,,,,,,,,,
13,907.8281162,Haryana ,812.9804026,,,,,,,,,,,,,,,,,,,,,,,,,,,,,,,,,,,,,,
14,926.0359915,Haryana ,829.2859625,,,,,,,,,,,,,,,,,,,,,,,,,,,,,,,,,,,,,,
1,516.0759428,Bihar,938.319896,,,,,,,,,,,,,,,,,,,,,,,,,,,,,,,,,,,,,,
2,1088.040087,Bihar,974.364257,,,,,,,,,,,,,,,,,,,,,,,,,,,,,,,,,,,,,,
3,1129.024789,Bihar,1011.066975,,,,,,,,,,,,,,,,,,,,,,,,,,,,,,,,,,,,,,
4,1170.744655,Bihar,1048.42805,,,,,,,,,,,,,,,,,,,,,,,,,,,,,,,,,,,,,,
5,1217.684323,Bihar,1090.463573,,,,,,,,,,,,,,,,,,,,,,,,,,,,,,,,,,,,,,
6,1265.543583,Bihar,1133.322611,,,,,,,,,,,,,,,,,,,,,,,,,,,,,,,,,,,,,,
7,1314.322434,Bihar,1177.005165,,,,,,,,,,,,,,,,,,,,,,,,,,,,,,,,,,,,,,
8,1364.020876,Bihar,1221.511233,,,,,,,,,,,,,,,,,,,,,,,,,,,,,,,,,,,,,,
9,1414.638911,Bihar,1266.840816,,,,,,,,,,,,,,,,,,,,,,,,,,,,,,,,,,,,,,
10,1466.176537,Bihar,1312.993913,,,,,,,,,,,,,,,,,,,,,,,,,,,,,,,,,,,,,,
11,1518.633754,Bihar,1359.970526,,,,,,,,,,,,,,,,,,,,,,,,,,,,,,,,,,,,,,
12,1572.010564,Bihar,1407.770654,,,,,,,,,,,,,,,,,,,,,,,,,,,,,,,,,,,,,,
13,1626.306965,Bihar,1456.394297,,,,,,,,,,,,,,,,,,,,,,,,,,,,,,,,,,,,,,
14,1681.522957,Bihar,1505.841454,,,,,,,,,,,,,,,,,,,,,,,,,,,,,,,,,,,,,,
1,956.3474873,Madhya Pradesh,1738.813613,,,,,,,,,,,,,,,,,,,,,,,,,,,,,,,,,,,,,,
2,1989.282031,Madhya Pradesh,1781.446595,,,,,,,,,,,,,,,,,,,,,,,,,,,,,,,,,,,,,,
3,2037.450353,Madhya Pradesh,1824.582405,,,,,,,,,,,,,,,,,,,,,,,,,,,,,,,,,,,,,,
4,2086.180165,Madhya Pradesh,1868.221043,,,,,,,,,,,,,,,,,,,,,,,,,,,,,,,,,,,,,,
5,2135.9673,Madhya Pradesh,1912.806537,,,,,,,,,,,,,,,,,,,,,,,,,,,,,,,,,,,,,,
6,2186.325648,Madhya Pradesh,1957.903565,,,,,,,,,,,,,,,,,,,,,,,,,,,,,,,,,,,,,,
7,2237.25521,Madhya Pradesh,2003.512128,,,,,,,,,,,,,,,,,,,,,,,,,,,,,,,,,,,,,,
8,2288.755985,Madhya Pradesh,2049.632225,,,,,,,,,,,,,,,,,,,,,,,,,,,,,,,,,,,,,,
9,2340.827973,Madhya Pradesh,2096.263857,,,,,,,,,,,,,,,,,,,,,,,,,,,,,,,,,,,,,,
10,2393.471175,Madhya Pradesh,2143.407023,,,,,,,,,,,,,,,,,,,,,,,,,,,,,,,,,,,,,,
11,2446.685591,Madhya Pradesh,2191.061723,,,,,,,,,,,,,,,,,,,,,,,,,,,,,,,,,,,,,,
12,2500.47122,Madhya Pradesh,2239.227958,,,,,,,,,,,,,,,,,,,,,,,,,,,,,,,,,,,,,,
13,2554.828062,Madhya Pradesh,2287.905727,,,,,,,,,,,,,,,,,,,,,,,,,,,,,,,,,,,,,,
14,2609.756118,Madhya Pradesh,2337.095031,,,,,,,,,,,,,,,,,,,,,,,,,,,,,,,,,,,,,,
1,923.4046293,Karnataka,1678.917508,,,,,,,,,,,,,,,,,,,,,,,,,,,,,,,,,,,,,,
2,1904.143879,Karnataka,1705.203474,,,,,,,,,,,,,,,,,,,,,,,,,,,,,,,,,,,,,,
3,1933.723821,Karnataka,1731.692974,,,,,,,,,,,,,,,,,,,,,,,,,,,,,,,,,,,,,,
4,1963.531043,Karnataka,1758.386009,,,,,,,,,,,,,,,,,,,,,,,,,,,,,,,,,,,,,,
5,1993.605127,Karnataka,1785.318024,,,,,,,,,,,,,,,,,,,,,,,,,,,,,,,,,,,,,,
6,2023.907056,Karnataka,1812.45408,,,,,,,,,,,,,,,,,,,,,,,,,,,,,,,,,,,,,,
7,2054.436831,Karnataka,1839.794177,,,,,,,,,,,,,,,,,,,,,,,,,,,,,,,,,,,,,,
8,2085.194451,Karnataka,1867.338314,,,,,,,,,,,,,,,,,,,,,,,,,,,,,,,,,,,,,,
9,2116.179916,Karnataka,1895.086492,,,,,,,,,,,,,,,,,,,,,,,,,,,,,,,,,,,,,,
10,2147.393228,Karnataka,1923.038711,,,,,,,,,,,,,,,,,,,,,,,,,,,,,,,,,,,,,,
11,2178.834384,Karnataka,1951.194971,,,,,,,,,,,,,,,,,,,,,,,,,,,,,,,,,,,,,,
12,2210.503386,Karnataka,1979.555271,,,,,,,,,,,,,,,,,,,,,,,,,,,,,,,,,,,,,,
13,2242.400234,Karnataka,2008.119612,,,,,,,,,,,,,,,,,,,,,,,,,,,,,,,,,,,,,,
14,2274.524927,Karnataka,2036.887994,,,,,,,,,,,,,,,,,,,,,,,,,,,,,,,,,,,,,,
1,347.118782,Orissa/Odisha,631.1250582,,,,,,,,,,,,,,,,,,,,,,,,,,,,,,,,,,,,,,
2,721.0963103,Orissa/Odisha,645.7578898,,,,,,,,,,,,,,,,,,,,,,,,,,,,,,,,,,,,,,
3,737.5962185,Orissa/Odisha,660.533927,,,,,,,,,,,,,,,,,,,,,,,,,,,,,,,,,,,,,,
4,754.2560398,Orissa/Odisha,675.4531699,,,,,,,,,,,,,,,,,,,,,,,,,,,,,,,,,,,,,,
5,771.2390944,Orissa/Odisha,690.6618756,,,,,,,,,,,,,,,,,,,,,,,,,,,,,,,,,,,,,,
6,788.3869642,Orissa/Odisha,706.0181769,,,,,,,,,,,,,,,,,,,,,,,,,,,,,,,,,,,,,,
7,805.699649,Orissa/Odisha,721.5220737,,,,,,,,,,,,,,,,,,,,,,,,,,,,,,,,,,,,,,
8,823.1771488,Orissa/Odisha,737.1735661,,,,,,,,,,,,,,,,,,,,,,,,,,,,,,,,,,,,,,
9,840.8194638,Orissa/Odisha,752.9726541,,,,,,,,,,,,,,,,,,,,,,,,,,,,,,,,,,,,,,
10,858.6265938,Orissa/Odisha,768.9193377,,,,,,,,,,,,,,,,,,,,,,,,,,,,,,,,,,,,,,
11,876.5985388,Orissa/Odisha,785.0136168,,,,,,,,,,,,,,,,,,,,,,,,,,,,,,,,,,,,,,
12,894.7352989,Orissa/Odisha,801.2554916,,,,,,,,,,,,,,,,,,,,,,,,,,,,,,,,,,,,,,
13,913.0368741,Orissa/Odisha,817.6449619,,,,,,,,,,,,,,,,,,,,,,,,,,,,,,,,,,,,,,
14,931.5032644,Orissa/Odisha,834.1820278,,,,,,,,,,,,,,,,,,,,,,,,,,,,,,,,,,,,,,
1,328.5313123,Jharkhand,597.3296587,,,,,,,,,,,,,,,,,,,,,,,,,,,,,,,,,,,,,,
2,685.1332638,Jharkhand,613.5521766,,,,,,,,,,,,,,,,,,,,,,,,,,,,,,,,,,,,,,
3,703.4857532,Jharkhand,629.9872416,,,,,,,,,,,,,,,,,,,,,,,,,,,,,,,,,,,,,,
4,722.0755868,Jharkhand,646.6348539,,,,,,,,,,,,,,,,,,,,,,,,,,,,,,,,,,,,,,
5,740.8747393,Jharkhand,663.4699158,,,,,,,,,,,,,,,,,,,,,,,,,,,,,,,,,,,,,,
6,759.9106213,Jharkhand,680.5169743,,,,,,,,,,,,,,,,,,,,,,,,,,,,,,,,,,,,,,
7,779.1832329,Jharkhand,697.7760294,,,,,,,,,,,,,,,,,,,,,,,,,,,,,,,,,,,,,,
8,798.6925739,Jharkhand,715.2470811,,,,,,,,,,,,,,,,,,,,,,,,,,,,,,,,,,,,,,
9,818.4386445,Jharkhand,732.9301294,,,,,,,,,,,,,,,,,,,,,,,,,,,,,,,,,,,,,,
10,838.4214446,Jharkhand,750.8251743,,,,,,,,,,,,,,,,,,,,,,,,,,,,,,,,,,,,,,
11,858.6409742,Jharkhand,768.9322157,,,,,,,,,,,,,,,,,,,,,,,,,,,,,,,,,,,,,,
12,879.0972334,Jharkhand,787.2512537,,,,,,,,,,,,,,,,,,,,,,,,,,,,,,,,,,,,,,
13,899.790222,Jharkhand,805.7822884,,,,,,,,,,,,,,,,,,,,,,,,,,,,,,,,,,,,,,
14,920.7199402,Jharkhand,824.5253195,,,,,,,,,,,,,,,,,,,,,,,,,,,,,,,,,,,,,,
1,218.6265631,Assam,397.502842,,,,,,,,,,,,,,,,,,,,,,,,,,,,,,,,,,,,,,
2,457.899398,Assam,410.0591624,,,,,,,,,,,,,,,,,,,,,,,,,,,,,,,,,,,,,,
3,472.1315772,Assam,422.8043975,,,,,,,,,,,,,,,,,,,,,,,,,,,,,,,,,,,,,,
4,486.5747113,Assam,435.7385474,,,,,,,,,,,,,,,,,,,,,,,,,,,,,,,,,,,,,,
5,500.8374615,Assam,448.5111596,,,,,,,,,,,,,,,,,,,,,,,,,,,,,,,,,,,,,,
6,515.2976722,Assam,461.4606019,,,,,,,,,,,,,,,,,,,,,,,,,,,,,,,,,,,,,,
7,529.9553432,Assam,474.5868745,,,,,,,,,,,,,,,,,,,,,,,,,,,,,,,,,,,,,,
8,544.8104746,Assam,487.8899773,,,,,,,,,,,,,,,,,,,,,,,,,,,,,,,,,,,,,,
9,559.8630665,Assam,501.3699103,,,,,,,,,,,,,,,,,,,,,,,,,,,,,,,,,,,,,,
10,575.1131187,Assam,515.0266735,,,,,,,,,,,,,,,,,,,,,,,,,,,,,,,,,,,,,,
11,590.5606314,Assam,528.8602669,,,,,,,,,,,,,,,,,,,,,,,,,,,,,,,,,,,,,,
12,606.2056044,Assam,542.8706905,,,,,,,,,,,,,,,,,,,,,,,,,,,,,,,,,,,,,,
13,622.0480379,Assam,557.0579444,,,,,,,,,,,,,,,,,,,,,,,,,,,,,,,,,,,,,,
14,638.0879318,Assam,571.4220285,,,,,,,,,,,,,,,,,,,,,,,,,,,,,,,,,,,,,,
1,267.2223803,Chhatisgarh,485.8588733,,,,,,,,,,,,,,,,,,,,,,,,,,,,,,,,,,,,,,
2,553.5463063,Chhatisgarh,495.7131101,,,,,,,,,,,,,,,,,,,,,,,,,,,,,,,,,,,,,,
3,564.6573977,Chhatisgarh,505.6633413,,,,,,,,,,,,,,,,,,,,,,,,,,,,,,,,,,,,,,
4,575.8756829,Chhatisgarh,515.7095667,,,,,,,,,,,,,,,,,,,,,,,,,,,,,,,,,,,,,,
5,589.0573038,Chhatisgarh,527.5140034,,,,,,,,,,,,,,,,,,,,,,,,,,,,,,,,,,,,,,
6,602.3880809,Chhatisgarh,539.4520128,,,,,,,,,,,,,,,,,,,,,,,,,,,,,,,,,,,,,,
7,615.8680143,Chhatisgarh,551.5235949,,,,,,,,,,,,,,,,,,,,,,,,,,,,,,,,,,,,,,
8,629.4971039,Chhatisgarh,563.7287497,,,,,,,,,,,,,,,,,,,,,,,,,,,,,,,,,,,,,,
9,643.2753496,Chhatisgarh,576.0674773,,,,,,,,,,,,,,,,,,,,,,,,,,,,,,,,,,,,,,
10,657.2027516,Chhatisgarh,588.5397776,,,,,,,,,,,,,,,,,,,,,,,,,,,,,,,,,,,,,,
11,671.2793098,Chhatisgarh,601.1456506,,,,,,,,,,,,,,,,,,,,,,,,,,,,,,,,,,,,,,
12,685.5050242,Chhatisgarh,613.8850963,,,,,,,,,,,,,,,,,,,,,,,,,,,,,,,,,,,,,,
13,699.8798948,Chhatisgarh,626.7581148,,,,,,,,,,,,,,,,,,,,,,,,,,,,,,,,,,,,,,
14,714.4039217,Chhatisgarh,639.764706,,,,,,,,,,,,,,,,,,,,,,,,,,,,,,,,,,,,,,
1,399.6637521,Delhi,726.6613675,,,,,,,,,,,,,,,,,,,,,,,,,,,,,,,,,,,,,,
2,826.9141056,Delhi,740.5200945,,,,,,,,,,,,,,,,,,,,,,,,,,,,,,,,,,,,,,
3,842.3896842,Delhi,754.3788216,,,,,,,,,,,,,,,,,,,,,,,,,,,,,,,,,,,,,,
4,857.8652627,Delhi,768.2375487,,,,,,,,,,,,,,,,,,,,,,,,,,,,,,,,,,,,,,
5,870.2580925,Delhi,779.3356052,,,,,,,,,,,,,,,,,,,,,,,,,,,,,,,,,,,,,,
6,882.6509222,Delhi,790.4336617,,,,,,,,,,,,,,,,,,,,,,,,,,,,,,,,,,,,,,
7,895.0437519,Delhi,801.5317181,,,,,,,,,,,,,,,,,,,,,,,,,,,,,,,,,,,,,,
8,907.4365816,Delhi,812.6297746,,,,,,,,,,,,,,,,,,,,,,,,,,,,,,,,,,,,,,
9,919.8294114,Delhi,823.7278311,,,,,,,,,,,,,,,,,,,,,,,,,,,,,,,,,,,,,,
10,932.2222411,Delhi,834.8258875,,,,,,,,,,,,,,,,,,,,,,,,,,,,,,,,,,,,,,
11,944.6150708,Delhi,845.923944,,,,,,,,,,,,,,,,,,,,,,,,,,,,,,,,,,,,,,
12,957.0079005,Delhi,857.0220005,,,,,,,,,,,,,,,,,,,,,,,,,,,,,,,,,,,,,,
13,969.4007303,Delhi,868.1200569,,,,,,,,,,,,,,,,,,,,,,,,,,,,,,,,,,,,,,
14,981.79356,Delhi,879.2181134,,,,,,,,,,,,,,,,,,,,,,,,,,,,,,,,,,,,,,
1,102.1609109,Jammu and Kashmir,185.7471107,,,,,,,,,,,,,,,,,,,,,,,,,,,,,,,,,,,,,,
2,210.146364,Jammu and Kashmir,188.1907737,,,,,,,,,,,,,,,,,,,,,,,,,,,,,,,,,,,,,,
3,212.8875721,Jammu and Kashmir,190.645587,,,,,,,,,,,,,,,,,,,,,,,,,,,,,,,,,,,,,,
4,215.6412315,Jammu and Kashmir,193.1115506,,,,,,,,,,,,,,,,,,,,,,,,,,,,,,,,,,,,,,
5,219.6215278,Jammu and Kashmir,196.675995,,,,,,,,,,,,,,,,,,,,,,,,,,,,,,,,,,,,,,
6,223.6380207,Jammu and Kashmir,200.2728544,,,,,,,,,,,,,,,,,,,,,,,,,,,,,,,,,,,,,,
7,227.6907104,Jammu and Kashmir,203.9021287,,,,,,,,,,,,,,,,,,,,,,,,,,,,,,,,,,,,,,
8,231.7795967,Jammu and Kashmir,207.5638179,,,,,,,,,,,,,,,,,,,,,,,,,,,,,,,,,,,,,,
9,235.9046797,Jammu and Kashmir,211.2579221,,,,,,,,,,,,,,,,,,,,,,,,,,,,,,,,,,,,,,
10,240.0659593,Jammu and Kashmir,214.9844412,,,,,,,,,,,,,,,,,,,,,,,,,,,,,,,,,,,,,,
11,244.2634357,Jammu and Kashmir,218.7433752,,,,,,,,,,,,,,,,,,,,,,,,,,,,,,,,,,,,,,
12,248.4971087,Jammu and Kashmir,222.5347242,,,,,,,,,,,,,,,,,,,,,,,,,,,,,,,,,,,,,,
13,252.7669784,Jammu and Kashmir,226.3584881,,,,,,,,,,,,,,,,,,,,,,,,,,,,,,,,,,,,,,
14,257.0730448,Jammu and Kashmir,230.2146669,,,,,,,,,,,,,,,,,,,,,,,,,,,,,,,,,,,,,,
1,108.4010772,Uttarkhand,197.0928677,,,,,,,,,,,,,,,,,,,,,,,,,,,,,,,,,,,,,,
2,224.741823,Uttarkhand,201.261334,,,,,,,,,,,,,,,,,,,,,,,,,,,,,,,,,,,,,,
3,229.4446495,Uttarkhand,205.4728205,,,,,,,,,,,,,,,,,,,,,,,,,,,,,,,,,,,,,,
4,234.1955153,Uttarkhand,209.7273271,,,,,,,,,,,,,,,,,,,,,,,,,,,,,,,,,,,,,,
5,239.0697886,Uttarkhand,214.092348,,,,,,,,,,,,,,,,,,,,,,,,,,,,,,,,,,,,,,
6,243.9934497,Uttarkhand,218.5015968,,,,,,,,,,,,,,,,,,,,,,,,,,,,,,,,,,,,,,
7,248.9664987,Uttarkhand,222.9550735,,,,,,,,,,,,,,,,,,,,,,,,,,,,,,,,,,,,,,
8,253.9889356,Uttarkhand,227.4527782,,,,,,,,,,,,,,,,,,,,,,,,,,,,,,,,,,,,,,
9,259.0607604,Uttarkhand,231.9947108,,,,,,,,,,,,,,,,,,,,,,,,,,,,,,,,,,,,,,
10,264.181973,Uttarkhand,236.5808714,,,,,,,,,,,,,,,,,,,,,,,,,,,,,,,,,,,,,,
11,269.3525736,Uttarkhand,241.2112599,,,,,,,,,,,,,,,,,,,,,,,,,,,,,,,,,,,,,,
12,274.572562,Uttarkhand,245.8858764,,,,,,,,,,,,,,,,,,,,,,,,,,,,,,,,,,,,,,
13,279.8419383,Uttarkhand,250.6047208,,,,,,,,,,,,,,,,,,,,,,,,,,,,,,,,,,,,,,
14,285.1607024,Uttarkhand,255.3677932,,,,,,,,,,,,,,,,,,,,,,,,,,,,,,,,,,,,,,
1,29.41892491,Himachal Pradesh,53.48895438,,,,,,,,,,,,,,,,,,,,,,,,,,,,,,,,,,,,,,
2,61.79175589,Himachal Pradesh,55.3359008,,,,,,,,,,,,,,,,,,,,,,,,,,,,,,,,,,,,,,
3,63.88242687,Himachal Pradesh,57.20814347,,,,,,,,,,,,,,,,,,,,,,,,,,,,,,,,,,,,,,
4,66.00134532,Himachal Pradesh,59.10568238,,,,,,,,,,,,,,,,,,,,,,,,,,,,,,,,,,,,,,
5,68.05715277,Himachal Pradesh,60.94670397,,,,,,,,,,,,,,,,,,,,,,,,,,,,,,,,,,,,,,
6,70.13709553,Himachal Pradesh,62.80933928,,,,,,,,,,,,,,,,,,,,,,,,,,,,,,,,,,,,,,
7,72.2411736,Himachal Pradesh,64.6935883,,,,,,,,,,,,,,,,,,,,,,,,,,,,,,,,,,,,,,
8,74.36938699,Himachal Pradesh,66.59945104,,,,,,,,,,,,,,,,,,,,,,,,,,,,,,,,,,,,,,
9,76.5217357,Himachal Pradesh,68.52692749,,,,,,,,,,,,,,,,,,,,,,,,,,,,,,,,,,,,,,
10,78.69821972,Himachal Pradesh,70.47601766,,,,,,,,,,,,,,,,,,,,,,,,,,,,,,,,,,,,,,
11,80.89883905,Himachal Pradesh,72.44672154,,,,,,,,,,,,,,,,,,,,,,,,,,,,,,,,,,,,,,
12,83.1235937,Himachal Pradesh,74.43903914,,,,,,,,,,,,,,,,,,,,,,,,,,,,,,,,,,,,,,
13,85.37248367,Himachal Pradesh,76.45297045,,,,,,,,,,,,,,,,,,,,,,,,,,,,,,,,,,,,,,
14,87.64550895,Himachal Pradesh,78.48851547,,,,,,,,,,,,,,,,,,,,,,,,,,,,,,,,,,,,,,
1,27.48954342,Tripura,49.98098803,,,,,,,,,,,,,,,,,,,,,,,,,,,,,,,,,,,,,,
2,56.97245474,Tripura,51.02010872,,,,,,,,,,,,,,,,,,,,,,,,,,,,,,,,,,,,,,
3,58.14473636,Tripura,52.06991316,,,,,,,,,,,,,,,,,,,,,,,,,,,,,,,,,,,,,,
4,59.32894818,Tripura,53.13040135,,,,,,,,,,,,,,,,,,,,,,,,,,,,,,,,,,,,,,
5,60.51760809,Tripura,54.19487292,,,,,,,,,,,,,,,,,,,,,,,,,,,,,,,,,,,,,,
6,61.71804587,Tripura,55.26989182,,,,,,,,,,,,,,,,,,,,,,,,,,,,,,,,,,,,,,
7,62.9302615,Tripura,56.35545806,,,,,,,,,,,,,,,,,,,,,,,,,,,,,,,,,,,,,,
8,64.15425499,Tripura,57.45157163,,,,,,,,,,,,,,,,,,,,,,,,,,,,,,,,,,,,,,
9,65.39002633,Tripura,58.55823253,,,,,,,,,,,,,,,,,,,,,,,,,,,,,,,,,,,,,,
10,66.63757553,Tripura,59.67544077,,,,,,,,,,,,,,,,,,,,,,,,,,,,,,,,,,,,,,
11,67.89690258,Tripura,60.80319634,,,,,,,,,,,,,,,,,,,,,,,,,,,,,,,,,,,,,,
12,69.1680075,Tripura,61.94149925,,,,,,,,,,,,,,,,,,,,,,,,,,,,,,,,,,,,,,
13,70.45089026,Tripura,63.09034949,,,,,,,,,,,,,,,,,,,,,,,,,,,,,,,,,,,,,,
14,71.74555089,Tripura,64.24974707,,,,,,,,,,,,,,,,,,,,,,,,,,,,,,,,,,,,,,
1,27.9781448,Meghalaya,50.86935419,,,,,,,,,,,,,,,,,,,,,,,,,,,,,,,,,,,,,,
2,58.37661072,Meghalaya,52.27756184,,,,,,,,,,,,,,,,,,,,,,,,,,,,,,,,,,,,,,
3,59.97057354,Meghalaya,53.70499123,,,,,,,,,,,,,,,,,,,,,,,,,,,,,,,,,,,,,,
4,61.58600062,Meghalaya,55.15164234,,,,,,,,,,,,,,,,,,,,,,,,,,,,,,,,,,,,,,
5,63.30463404,Meghalaya,56.69071705,,,,,,,,,,,,,,,,,,,,,,,,,,,,,,,,,,,,,,
6,65.04683037,Meghalaya,58.25089286,,,,,,,,,,,,,,,,,,,,,,,,,,,,,,,,,,,,,,
7,66.8125896,Meghalaya,59.83216979,,,,,,,,,,,,,,,,,,,,,,,,,,,,,,,,,,,,,,
8,68.60191174,Meghalaya,61.43454782,,,,,,,,,,,,,,,,,,,,,,,,,,,,,,,,,,,,,,
9,70.41479678,Meghalaya,63.05802697,,,,,,,,,,,,,,,,,,,,,,,,,,,,,,,,,,,,,,
10,72.25124473,Meghalaya,64.70260722,,,,,,,,,,,,,,,,,,,,,,,,,,,,,,,,,,,,,,
11,74.11125558,Meghalaya,66.36828858,,,,,,,,,,,,,,,,,,,,,,,,,,,,,,,,,,,,,,
12,75.99482934,Meghalaya,68.05507105,,,,,,,,,,,,,,,,,,,,,,,,,,,,,,,,,,,,,,
13,77.901966,Meghalaya,69.76295463,,,,,,,,,,,,,,,,,,,,,,,,,,,,,,,,,,,,,,
14,79.83266557,Meghalaya,71.49193932,,,,,,,,,,,,,,,,,,,,,,,,,,,,,,,,,,,,,,
1,17.36231716,Manipur,31.56784937,,,,,,,,,,,,,,,,,,,,,,,,,,,,,,,,,,,,,,
2,35.39070539,Manipur,31.69316901,,,,,,,,,,,,,,,,,,,,,,,,,,,,,,,,,,,,,,
3,35.52689079,Manipur,31.81512608,,,,,,,,,,,,,,,,,,,,,,,,,,,,,,,,,,,,,,
4,35.65932133,Manipur,31.93372059,,,,,,,,,,,,,,,,,,,,,,,,,,,,,,,,,,,,,,
5,36.26707607,Manipur,32.47797857,,,,,,,,,,,,,,,,,,,,,,,,,,,,,,,,,,,,,,
6,36.87991776,Manipur,33.02679202,,,,,,,,,,,,,,,,,,,,,,,,,,,,,,,,,,,,,,
7,37.49784641,Manipur,33.58016096,,,,,,,,,,,,,,,,,,,,,,,,,,,,,,,,,,,,,,
8,38.12086201,Manipur,34.13808538,,,,,,,,,,,,,,,,,,,,,,,,,,,,,,,,,,,,,,
9,38.74896457,Manipur,34.70056528,,,,,,,,,,,,,,,,,,,,,,,,,,,,,,,,,,,,,,
10,39.38215408,Manipur,35.26760067,,,,,,,,,,,,,,,,,,,,,,,,,,,,,,,,,,,,,,
11,40.02043055,Manipur,35.83919153,,,,,,,,,,,,,,,,,,,,,,,,,,,,,,,,,,,,,,
12,40.66379397,Manipur,36.41533788,,,,,,,,,,,,,,,,,,,,,,,,,,,,,,,,,,,,,,
13,41.31224434,Manipur,36.99603971,,,,,,,,,,,,,,,,,,,,,,,,,,,,,,,,,,,,,,
14,41.96578168,Manipur,37.58129702,,,,,,,,,,,,,,,,,,,,,,,,,,,,,,,,,,,,,,
1,12.82958987,Nagaland,23.32652704,,,,,,,,,,,,,,,,,,,,,,,,,,,,,,,,,,,,,,
2,27.14486487,Nagaland,24.30883421,,,,,,,,,,,,,,,,,,,,,,,,,,,,,,,,,,,,,,
3,28.25798389,Nagaland,25.30565721,,,,,,,,,,,,,,,,,,,,,,,,,,,,,,,,,,,,,,
4,29.38731226,Nagaland,26.31699605,,,,,,,,,,,,,,,,,,,,,,,,,,,,,,,,,,,,,,
5,30.00116838,Nagaland,26.86671795,,,,,,,,,,,,,,,,,,,,,,,,,,,,,,,,,,,,,,
6,30.62131441,Nagaland,27.4220726,,,,,,,,,,,,,,,,,,,,,,,,,,,,,,,,,,,,,,
7,31.24775035,Nagaland,27.98306002,,,,,,,,,,,,,,,,,,,,,,,,,,,,,,,,,,,,,,
8,31.88047621,Nagaland,28.54968019,,,,,,,,,,,,,,,,,,,,,,,,,,,,,,,,,,,,,,
9,32.51949199,Nagaland,29.12193312,,,,,,,,,,,,,,,,,,,,,,,,,,,,,,,,,,,,,,
10,33.16479768,Nagaland,29.69981882,,,,,,,,,,,,,,,,,,,,,,,,,,,,,,,,,,,,,,
11,33.81639328,Nagaland,30.28333727,,,,,,,,,,,,,,,,,,,,,,,,,,,,,,,,,,,,,,
12,34.4742788,Nagaland,30.87248848,,,,,,,,,,,,,,,,,,,,,,,,,,,,,,,,,,,,,,
13,35.13845424,Nagaland,31.46727245,,,,,,,,,,,,,,,,,,,,,,,,,,,,,,,,,,,,,,
14,35.80891958,Nagaland,32.06768918,,,,,,,,,,,,,,,,,,,,,,,,,,,,,,,,,,,,,,
1,35.18679055,Goa,63.97598282,,,,,,,,,,,,,,,,,,,,,,,,,,,,,,,,,,,,,,
2,73.03190401,Goa,65.40170509,,,,,,,,,,,,,,,,,,,,,,,,,,,,,,,,,,,,,,
3,74.63566497,Goa,66.83790893,,,,,,,,,,,,,,,,,,,,,,,,,,,,,,,,,,,,,,
4,76.25113036,Goa,68.28459435,,,,,,,,,,,,,,,,,,,,,,,,,,,,,,,,,,,,,,
5,77.32914765,Goa,69.24998297,,,,,,,,,,,,,,,,,,,,,,,,,,,,,,,,,,,,,,
6,78.41383128,Goa,70.22134144,,,,,,,,,,,,,,,,,,,,,,,,,,,,,,,,,,,,,,
7,79.50518123,Goa,71.19866976,,,,,,,,,,,,,,,,,,,,,,,,,,,,,,,,,,,,,,
8,80.60319751,Goa,72.18196792,,,,,,,,,,,,,,,,,,,,,,,,,,,,,,,,,,,,,,
9,81.70788011,Goa,73.17123592,,,,,,,,,,,,,,,,,,,,,,,,,,,,,,,,,,,,,,
10,82.81922904,Goa,74.16647377,,,,,,,,,,,,,,,,,,,,,,,,,,,,,,,,,,,,,,
11,83.9372443,Goa,75.16768146,,,,,,,,,,,,,,,,,,,,,,,,,,,,,,,,,,,,,,
12,85.06192588,Goa,76.174859,,,,,,,,,,,,,,,,,,,,,,,,,,,,,,,,,,,,,,
13,86.19327379,Goa,77.18800638,,,,,,,,,,,,,,,,,,,,,,,,,,,,,,,,,,,,,,
14,87.33128803,Goa,78.20712361,,,,,,,,,,,,,,,,,,,,,,,,,,,,,,,,,,,,,,
1,11.35488514,Arunchal Pradesh,20.64524571,,,,,,,,,,,,,,,,,,,,,,,,,,,,,,,,,,,,,,
2,23.76064731,Arunchal Pradesh,21.27819162,,,,,,,,,,,,,,,,,,,,,,,,,,,,,,,,,,,,,,
3,24.4776323,Arunchal Pradesh,21.92026773,,,,,,,,,,,,,,,,,,,,,,,,,,,,,,,,,,,,,,
4,25.20481268,Arunchal Pradesh,22.57147404,,,,,,,,,,,,,,,,,,,,,,,,,,,,,,,,,,,,,,
5,25.94937515,Arunchal Pradesh,23.2382464,,,,,,,,,,,,,,,,,,,,,,,,,,,,,,,,,,,,,,
6,26.70429733,Arunchal Pradesh,23.91429612,,,,,,,,,,,,,,,,,,,,,,,,,,,,,,,,,,,,,,
7,27.46957924,Arunchal Pradesh,24.5996232,,,,,,,,,,,,,,,,,,,,,,,,,,,,,,,,,,,,,,
8,28.24522087,Arunchal Pradesh,25.29422764,,,,,,,,,,,,,,,,,,,,,,,,,,,,,,,,,,,,,,
9,29.03122221,Arunchal Pradesh,25.99810944,,,,,,,,,,,,,,,,,,,,,,,,,,,,,,,,,,,,,,
10,29.82758327,Arunchal Pradesh,26.7112686,,,,,,,,,,,,,,,,,,,,,,,,,,,,,,,,,,,,,,
11,30.63430405,Arunchal Pradesh,27.43370512,,,,,,,,,,,,,,,,,,,,,,,,,,,,,,,,,,,,,,
12,31.45138455,Arunchal Pradesh,28.165419,,,,,,,,,,,,,,,,,,,,,,,,,,,,,,,,,,,,,,
13,32.27882477,Arunchal Pradesh,28.90641024,,,,,,,,,,,,,,,,,,,,,,,,,,,,,,,,,,,,,,
14,33.11662471,Arunchal Pradesh,29.65667884,,,,,,,,,,,,,,,,,,,,,,,,,,,,,,,,,,,,,,
1,32.25955987,Puducherry,58.65374522,,,,,,,,,,,,,,,,,,,,,,,,,,,,,,,,,,,,,,
2,66.10656154,Puducherry,59.19990586,,,,,,,,,,,,,,,,,,,,,,,,,,,,,,,,,,,,,,
3,66.71924806,Puducherry,59.74858035,,,,,,,,,,,,,,,,,,,,,,,,,,,,,,,,,,,,,,
4,67.33474171,Puducherry,60.29976869,,,,,,,,,,,,,,,,,,,,,,,,,,,,,,,,,,,,,,
5,68.41114067,Puducherry,61.26370807,,,,,,,,,,,,,,,,,,,,,,,,,,,,,,,,,,,,,,
6,69.49418559,Puducherry,62.23359903,,,,,,,,,,,,,,,,,,,,,,,,,,,,,,,,,,,,,,
7,70.58387645,Puducherry,63.20944159,,,,,,,,,,,,,,,,,,,,,,,,,,,,,,,,,,,,,,
8,71.68021326,Puducherry,64.19123575,,,,,,,,,,,,,,,,,,,,,,,,,,,,,,,,,,,,,,
9,72.78319601,Puducherry,65.1789815,,,,,,,,,,,,,,,,,,,,,,,,,,,,,,,,,,,,,,
10,73.89282472,Puducherry,66.17267885,,,,,,,,,,,,,,,,,,,,,,,,,,,,,,,,,,,,,,
11,75.00909937,Puducherry,67.17232779,,,,,,,,,,,,,,,,,,,,,,,,,,,,,,,,,,,,,,
12,76.13201997,Puducherry,68.17792833,,,,,,,,,,,,,,,,,,,,,,,,,,,,,,,,,,,,,,
13,77.26158651,Puducherry,69.18948046,,,,,,,,,,,,,,,,,,,,,,,,,,,,,,,,,,,,,,
14,78.39779901,Puducherry,70.20698419,,,,,,,,,,,,,,,,,,,,,,,,,,,,,,,,,,,,,,
1,13.4763437,Mizoram,24.50244309,,,,,,,,,,,,,,,,,,,,,,,,,,,,,,,,,,,,,,
2,27.7594492,Mizoram,24.85920824,,,,,,,,,,,,,,,,,,,,,,,,,,,,,,,,,,,,,,
3,28.16057428,Mizoram,25.21842472,,,,,,,,,,,,,,,,,,,,,,,,,,,,,,,,,,,,,,
4,28.56443669,Mizoram,25.58009256,,,,,,,,,,,,,,,,,,,,,,,,,,,,,,,,,,,,,,
5,29.04805949,Mizoram,26.0131876,,,,,,,,,,,,,,,,,,,,,,,,,,,,,,,,,,,,,,
6,29.53526899,Mizoram,26.44949461,,,,,,,,,,,,,,,,,,,,,,,,,,,,,,,,,,,,,,
7,30.02606519,Mizoram,26.8890136,,,,,,,,,,,,,,,,,,,,,,,,,,,,,,,,,,,,,,
8,30.52044809,Mizoram,27.33174455,,,,,,,,,,,,,,,,,,,,,,,,,,,,,,,,,,,,,,
9,31.01841769,Mizoram,27.77768748,,,,,,,,,,,,,,,,,,,,,,,,,,,,,,,,,,,,,,
10,31.51997399,Mizoram,28.22684238,,,,,,,,,,,,,,,,,,,,,,,,,,,,,,,,,,,,,,
11,32.025117,Mizoram,28.67920925,,,,,,,,,,,,,,,,,,,,,,,,,,,,,,,,,,,,,,
12,32.53384671,Mizoram,29.1347881,,,,,,,,,,,,,,,,,,,,,,,,,,,,,,,,,,,,,,
13,33.04616312,Mizoram,29.59357891,,,,,,,,,,,,,,,,,,,,,,,,,,,,,,,,,,,,,,
14,33.56206623,Mizoram,30.0555817,,,,,,,,,,,,,,,,,,,,,,,,,,,,,,,,,,,,,,
1,25.03973503,Chandigarh,45.52679096,,,,,,,,,,,,,,,,,,,,,,,,,,,,,,,,,,,,,,
2,52.12191484,Chandigarh,46.67634165,,,,,,,,,,,,,,,,,,,,,,,,,,,,,,,,,,,,,,
3,53.37944187,Chandigarh,47.80248526,,,,,,,,,,,,,,,,,,,,,,,,,,,,,,,,,,,,,,
4,54.60889235,Chandigarh,48.90348568,,,,,,,,,,,,,,,,,,,,,,,,,,,,,,,,,,,,,,
5,55.38618481,Chandigarh,49.59956849,,,,,,,,,,,,,,,,,,,,,,,,,,,,,,,,,,,,,,
6,56.13540072,Chandigarh,50.27050811,,,,,,,,,,,,,,,,,,,,,,,,,,,,,,,,,,,,,,
7,56.88461663,Chandigarh,50.94144773,,,,,,,,,,,,,,,,,,,,,,,,,,,,,,,,,,,,,,
8,57.63383255,Chandigarh,51.61238735,,,,,,,,,,,,,,,,,,,,,,,,,,,,,,,,,,,,,,
9,58.38304846,Chandigarh,52.28332698,,,,,,,,,,,,,,,,,,,,,,,,,,,,,,,,,,,,,,
10,59.13226437,Chandigarh,52.9542666,,,,,,,,,,,,,,,,,,,,,,,,,,,,,,,,,,,,,,
11,59.88148028,Chandigarh,53.62520622,,,,,,,,,,,,,,,,,,,,,,,,,,,,,,,,,,,,,,
12,60.63069619,Chandigarh,54.29614584,,,,,,,,,,,,,,,,,,,,,,,,,,,,,,,,,,,,,,
13,61.37991211,Chandigarh,54.96708547,,,,,,,,,,,,,,,,,,,,,,,,,,,,,,,,,,,,,,
14,62.12912802,Chandigarh,55.63802509,,,,,,,,,,,,,,,,,,,,,,,,,,,,,,,,,,,,,,
1,5.364533963,Sikkim,9.753698114,,,,,,,,,,,,,,,,,,,,,,,,,,,,,,,,,,,,,,
2,11.24028856,Sikkim,10.06593005,,,,,,,,,,,,,,,,,,,,,,,,,,,,,,,,,,,,,,
3,11.59392943,Sikkim,10.38262337,,,,,,,,,,,,,,,,,,,,,,,,,,,,,,,,,,,,,,
4,11.95255218,Sikkim,10.70377807,,,,,,,,,,,,,,,,,,,,,,,,,,,,,,,,,,,,,,
5,12.24863809,Sikkim,10.96892964,,,,,,,,,,,,,,,,,,,,,,,,,,,,,,,,,,,,,,
6,12.54828194,Sikkim,11.23726741,,,,,,,,,,,,,,,,,,,,,,,,,,,,,,,,,,,,,,
7,12.85148372,Sikkim,11.50879139,,,,,,,,,,,,,,,,,,,,,,,,,,,,,,,,,,,,,,
8,13.15824344,Sikkim,11.78350158,,,,,,,,,,,,,,,,,,,,,,,,,,,,,,,,,,,,,,
9,13.46856108,Sikkim,12.06139798,,,,,,,,,,,,,,,,,,,,,,,,,,,,,,,,,,,,,,
10,13.78243665,Sikkim,12.34248059,,,,,,,,,,,,,,,,,,,,,,,,,,,,,,,,,,,,,,
11,14.09987016,Sikkim,12.6267494,,,,,,,,,,,,,,,,,,,,,,,,,,,,,,,,,,,,,,
12,14.4208616,Sikkim,12.91420442,,,,,,,,,,,,,,,,,,,,,,,,,,,,,,,,,,,,,,
13,14.74541097,Sikkim,13.20484564,,,,,,,,,,,,,,,,,,,,,,,,,,,,,,,,,,,,,,
14,15.07351827,Sikkim,13.49867308,,,,,,,,,,,,,,,,,,,,,,,,,,,,,,,,,,,,,,
1,3.891261316,Andaman and Nicobar Islands,7.075020574,,,,,,,,,,,,,,,,,,,,,,,,,,,,,,,,,,,,,,
2,8.09527989,Andaman and Nicobar Islands,7.249504379,,,,,,,,,,,,,,,,,,,,,,,,,,,,,,,,,,,,,,
3,8.292144415,Andaman and Nicobar Islands,7.425800969,,,,,,,,,,,,,,,,,,,,,,,,,,,,,,,,,,,,,,
4,8.491033218,Andaman and Nicobar Islands,7.603910345,,,,,,,,,,,,,,,,,,,,,,,,,,,,,,,,,,,,,,
5,8.621446754,Andaman and Nicobar Islands,7.720698586,,,,,,,,,,,,,,,,,,,,,,,,,,,,,,,,,,,,,,
6,8.752852866,Andaman and Nicobar Islands,7.838375701,,,,,,,,,,,,,,,,,,,,,,,,,,,,,,,,,,,,,,
7,8.885251555,Andaman and Nicobar Islands,7.956941691,,,,,,,,,,,,,,,,,,,,,,,,,,,,,,,,,,,,,,
8,9.01864282,Andaman and Nicobar Islands,8.076396555,,,,,,,,,,,,,,,,,,,,,,,,,,,,,,,,,,,,,,
9,9.153026662,Andaman and Nicobar Islands,8.196740294,,,,,,,,,,,,,,,,,,,,,,,,,,,,,,,,,,,,,,
10,9.288403081,Andaman and Nicobar Islands,8.317972908,,,,,,,,,,,,,,,,,,,,,,,,,,,,,,,,,,,,,,
11,9.424772076,Andaman and Nicobar Islands,8.440094396,,,,,,,,,,,,,,,,,,,,,,,,,,,,,,,,,,,,,,
12,9.562133647,Andaman and Nicobar Islands,8.563104759,,,,,,,,,,,,,,,,,,,,,,,,,,,,,,,,,,,,,,
13,9.700487796,Andaman and Nicobar Islands,8.687003996,,,,,,,,,,,,,,,,,,,,,,,,,,,,,,,,,,,,,,
14,9.839834521,Andaman and Nicobar Islands,8.811792108,,,,,,,,,,,,,,,,,,,,,,,,,,,,,,,,,,,,,,
1,4.723930161,Daman and Diu,8.588963929,,,,,,,,,,,,,,,,,,,,,,,,,,,,,,,,,,,,,,
2,9.684264083,Daman and Diu,8.672475298,,,,,,,,,,,,,,,,,,,,,,,,,,,,,,,,,,,,,,
3,9.777951736,Daman and Diu,8.756374689,,,,,,,,,,,,,,,,,,,,,,,,,,,,,,,,,,,,,,
4,9.872072681,Daman and Diu,8.840662102,,,,,,,,,,,,,,,,,,,,,,,,,,,,,,,,,,,,,,
5,10.10969524,Daman and Diu,9.053458422,,,,,,,,,,,,,,,,,,,,,,,,,,,,,,,,,,,,,,
6,10.34884502,Daman and Diu,9.267622405,,,,,,,,,,,,,,,,,,,,,,,,,,,,,,,,,,,,,,
7,10.58952203,Daman and Diu,9.483154053,,,,,,,,,,,,,,,,,,,,,,,,,,,,,,,,,,,,,,
8,10.83172626,Daman and Diu,9.700053366,,,,,,,,,,,,,,,,,,,,,,,,,,,,,,,,,,,,,,
9,11.07545772,Daman and Diu,9.918320343,,,,,,,,,,,,,,,,,,,,,,,,,,,,,,,,,,,,,,
10,11.3207164,Daman and Diu,10.13795498,,,,,,,,,,,,,,,,,,,,,,,,,,,,,,,,,,,,,,
11,11.56750231,Daman and Diu,10.35895729,,,,,,,,,,,,,,,,,,,,,,,,,,,,,,,,,,,,,,
12,11.81581544,Daman and Diu,10.58132726,,,,,,,,,,,,,,,,,,,,,,,,,,,,,,,,,,,,,,
13,12.0656558,Daman and Diu,10.8050649,,,,,,,,,,,,,,,,,,,,,,,,,,,,,,,,,,,,,,
14,12.31702339,Daman and Diu,11.0301702,,,,,,,,,,,,,,,,,,,,,,,,,,,,,,,,,,,,,,
1,4.32606504,Dadra and Nagar Haveli,7.865572799,,,,,,,,,,,,,,,,,,,,,,,,,,,,,,,,,,,,,,
2,8.991342008,Dadra and Nagar Haveli,8.051948067,,,,,,,,,,,,,,,,,,,,,,,,,,,,,,,,,,,,,,
3,9.201343948,Dadra and Nagar Haveli,8.240009506,,,,,,,,,,,,,,,,,,,,,,,,,,,,,,,,,,,,,,
4,9.413228778,Dadra and Nagar Haveli,8.429757114,,,,,,,,,,,,,,,,,,,,,,,,,,,,,,,,,,,,,,
5,9.750449322,Dadra and Nagar Haveli,8.731745662,,,,,,,,,,,,,,,,,,,,,,,,,,,,,,,,,,,,,,
6,10.0910336,Dadra and Nagar Haveli,9.036746506,,,,,,,,,,,,,,,,,,,,,,,,,,,,,,,,,,,,,,
7,10.43498161,Dadra and Nagar Haveli,9.344759648,,,,,,,,,,,,,,,,,,,,,,,,,,,,,,,,,,,,,,
8,10.78229335,Dadra and Nagar Haveli,9.655785087,,,,,,,,,,,,,,,,,,,,,,,,,,,,,,,,,,,,,,
9,11.13296882,Dadra and Nagar Haveli,9.969822823,,,,,,,,,,,,,,,,,,,,,,,,,,,,,,,,,,,,,,
10,11.48700802,Dadra and Nagar Haveli,10.28687286,,,,,,,,,,,,,,,,,,,,,,,,,,,,,,,,,,,,,,
11,11.84441096,Dadra and Nagar Haveli,10.60693519,,,,,,,,,,,,,,,,,,,,,,,,,,,,,,,,,,,,,,
12,12.20517763,Dadra and Nagar Haveli,10.93000981,,,,,,,,,,,,,,,,,,,,,,,,,,,,,,,,,,,,,,
13,12.56930802,Dadra and Nagar Haveli,11.25609674,,,,,,,,,,,,,,,,,,,,,,,,,,,,,,,,,,,,,,
14,12.93680215,Dadra and Nagar Haveli,11.58519596,,,,,,,,,,,,,,,,,,,,,,,,,,,,,,,,,,,,,,
1,2.043416216,Lakshadweep,3.715302211,,,,,,,,,,,,,,,,,,,,,,,,,,,,,,,,,,,,,,
2,4.285320105,Lakshadweep,3.837600094,,,,,,,,,,,,,,,,,,,,,,,,,,,,,,,,,,,,,,
3,4.42278858,Lakshadweep,3.960706191,,,,,,,,,,,,,,,,,,,,,,,,,,,,,,,,,,,,,,
4,4.561159562,Lakshadweep,4.084620503,,,,,,,,,,,,,,,,,,,,,,,,,,,,,,,,,,,,,,
5,4.645668268,Lakshadweep,4.160299942,,,,,,,,,,,,,,,,,,,,,,,,,,,,,,,,,,,,,,
6,4.73067566,Lakshadweep,4.236425964,,,,,,,,,,,,,,,,,,,,,,,,,,,,,,,,,,,,,,
7,4.816181738,Lakshadweep,4.312998571,,,,,,,,,,,,,,,,,,,,,,,,,,,,,,,,,,,,,,
8,4.902186502,Lakshadweep,4.390017763,,,,,,,,,,,,,,,,,,,,,,,,,,,,,,,,,,,,,,
9,4.988689951,Lakshadweep,4.467483539,,,,,,,,,,,,,,,,,,,,,,,,,,,,,,,,,,,,,,
10,5.075692087,Lakshadweep,4.545395899,,,,,,,,,,,,,,,,,,,,,,,,,,,,,,,,,,,,,,
11,5.163192908,Lakshadweep,4.623754843,,,,,,,,,,,,,,,,,,,,,,,,,,,,,,,,,,,,,,
12,5.251192415,Lakshadweep,4.702560372,,,,,,,,,,,,,,,,,,,,,,,,,,,,,,,,,,,,,,
13,5.339690608,Lakshadweep,4.781812485,,,,,,,,,,,,,,,,,,,,,,,,,,,,,,,,,,,,,,
14,5.428687487,Lakshadweep,4.861511182,,,,,,,,,,,,,,,,,,,,,,,,,,,,,,,,,,,,,,